4252;2022-11-14 08:38:19;52;0;0;331;328;409;0;5;ok
4253;2022-11-14 08:38:21;52;0;0;331;328;409;0;5;ok
4254;2022-11-14 08:38:24;52;0;0;331;327;411;1;5;ok
4255;2022-11-14 08:38:25;52;0;0;331;327;411;2;5;ok
4256;2022-11-14 08:38:27;52;0;0;331;328;410;3;5;ok
4257;2022-11-14 08:38:29;52;0;0;331;328;411;4;5;ok
4258;2022-11-14 08:38:31;52;0;0;331;327;410;5;5;ok
4259;2022-11-14 08:38:33;52;0;0;330;328;411;6;5;ok
4260;2022-11-14 08:38:35;52;0;0;330;327;410;7;5;ok
4261;2022-11-14 08:38:37;52;0;0;331;328;411;8;5;ok
4262;2022-11-14 08:38:40;52;0;0;331;328;411;9;5;ok
4263;2022-11-14 08:38:42;52;0;0;331;328;411;10;5;ok
4264;2022-11-14 08:38:44;52;0;0;331;328;410;12;5;ok
4265;2022-11-14 08:38:46;52;0;0;331;328;410;12;5;ok
4266;2022-11-14 08:38:48;52;0;0;331;327;410;13;5;ok
4267;2022-11-14 08:38:51;52;0;0;331;327;410;14;5;ok
4268;2022-11-14 08:38:53;52;0;0;331;327;410;15;5;ok
4269;2022-11-14 08:38:55;52;0;0;331;328;411;16;5;ok
4270;2022-11-14 08:38:57;52;0;0;331;328;410;17;5;ok
4271;2022-11-14 08:38:59;52;0;0;331;327;410;18;5;ok
4272;2022-11-14 08:39:01;52;0;0;331;328;411;19;5;ok
4273;2022-11-14 08:39:03;52;0;0;331;327;410;20;5;ok
4274;2022-11-14 08:39:05;52;0;0;331;327;411;21;5;ok
4275;2022-11-14 08:39:07;52;0;0;331;327;410;22;5;ok
4276;2022-11-14 08:39:09;52;0;0;331;327;411;24;5;ok
4277;2022-11-14 08:39:11;52;0;0;331;327;411;24;5;ok
4278;2022-11-14 08:39:13;52;0;0;331;328;411;25;5;ok
4279;2022-11-14 08:39:16;52;0;0;331;327;410;26;5;ok
4280;2022-11-14 08:39:18;52;0;0;331;327;410;27;5;ok
4281;2022-11-14 08:39:20;52;0;0;331;328;411;28;5;ok
4282;2022-11-14 08:39:22;52;0;0;330;327;410;29;5;ok
4283;2022-11-14 08:39:24;52;0;0;331;328;411;30;5;ok
4284;2022-11-14 08:39:27;52;0;0;331;328;410;32;5;ok
4285;2022-11-14 08:39:29;52;0;0;331;328;410;32;5;ok
4286;2022-11-14 08:39:31;52;0;0;331;328;410;33;5;ok
4287;2022-11-14 08:39:33;52;0;0;331;327;410;35;5;ok
4288;2022-11-14 08:39:35;52;0;0;331;327;410;35;5;ok
4289;2022-11-14 08:39:37;52;0;0;331;327;410;36;5;ok
4290;2022-11-14 08:39:39;52;0;0;331;327;411;37;5;ok
4291;2022-11-14 08:39:42;52;0;0;331;327;410;38;5;ok
4292;2022-11-14 08:39:43;52;0;0;331;328;411;39;5;ok
4293;2022-11-14 08:39:46;52;0;0;331;327;410;40;5;ok
4294;2022-11-14 08:39:48;52;0;0;331;327;411;41;5;ok
4295;2022-11-14 08:39:50;52;0;0;331;327;410;42;5;ok
4296;2022-11-14 08:39:52;52;0;0;331;327;410;43;5;ok
4297;2022-11-14 08:39:54;52;0;0;331;328;411;44;5;ok
4298;2022-11-14 08:39:57;52;0;0;331;327;410;45;5;ok
4299;2022-11-14 08:39:59;52;0;0;331;327;411;46;5;ok
4300;2022-11-14 08:40:01;52;0;0;331;327;410;48;5;ok
4301;2022-11-14 08:40:03;52;0;0;331;327;410;48;5;ok
4302;2022-11-14 08:40:06;52;0;0;331;328;411;49;5;ok
4303;2022-11-14 08:40:08;52;0;0;331;327;410;51;5;ok
4304;2022-11-14 08:40:10;52;0;0;331;327;410;51;5;ok
4305;2022-11-14 08:40:12;52;0;0;331;328;410;52;5;ok
4306;2022-11-14 08:40:14;52;0;0;330;327;410;53;5;ok
4307;2022-11-14 08:40:16;52;0;0;331;327;410;54;5;ok
4308;2022-11-14 08:40:18;52;0;0;331;328;411;56;5;ok
4309;2022-11-14 08:40:20;52;0;0;331;328;411;56;5;ok
4310;2022-11-14 08:40:22;52;0;0;331;328;410;57;5;ok
4311;2022-11-14 08:40:25;52;0;0;331;327;410;58;5;ok
4312;2022-11-14 08:40:27;52;0;0;331;328;411;59;5;ok
4313;2022-11-14 08:40:29;52;0;0;331;328;410;60;5;ok
4314;2022-11-14 08:40:32;52;0;0;331;327;410;61;5;ok
4315;2022-11-14 08:40:33;52;0;0;331;328;411;62;5;ok
4316;2022-11-14 08:40:36;52;0;0;331;327;410;63;5;ok
4317;2022-11-14 08:40:38;52;0;0;331;327;411;64;5;ok
4318;2022-11-14 08:40:40;52;0;0;331;327;410;66;5;ok
4319;2022-11-14 08:40:42;52;0;0;331;327;410;66;5;ok
4320;2022-11-14 08:40:44;52;0;0;331;328;411;67;5;ok
4321;2022-11-14 08:40:47;52;0;0;331;327;410;68;5;ok
4322;2022-11-14 08:40:49;52;0;0;331;327;410;69;5;ok
4323;2022-11-14 08:40:51;52;0;0;331;327;410;70;5;ok
4324;2022-11-14 08:40:54;52;0;0;331;327;410;72;5;ok
4325;2022-11-14 08:40:55;52;0;0;331;327;410;72;5;ok
4326;2022-11-14 08:40:58;52;0;0;331;327;410;74;5;ok
4327;2022-11-14 08:41:00;52;0;0;331;327;410;74;5;ok
4328;2022-11-14 08:41:02;52;0;0;330;327;410;76;5;ok
4329;2022-11-14 08:41:04;52;0;0;330;327;410;76;5;ok
4330;2022-11-14 08:41:06;52;0;0;331;327;410;77;5;ok
4331;2022-11-14 08:41:09;52;0;0;331;327;410;79;5;ok
4332;2022-11-14 08:41:10;52;0;0;331;327;410;79;5;ok
4333;2022-11-14 08:41:13;52;0;0;331;328;411;80;5;ok
4334;2022-11-14 08:41:15;52;0;0;331;327;410;82;5;ok
4335;2022-11-14 08:41:17;52;0;0;331;327;410;82;5;ok
4336;2022-11-14 08:41:19;52;0;0;331;327;411;83;5;ok
4337;2022-11-14 08:41:21;52;0;0;331;327;410;84;5;ok
4338;2022-11-14 08:41:24;52;0;0;330;327;411;86;5;ok
4339;2022-11-14 08:41:25;52;0;0;330;327;411;86;5;ok
4340;2022-11-14 08:41:28;52;0;0;331;328;410;87;5;ok
4341;2022-11-14 08:41:30;52;0;0;330;327;410;89;5;ok
4342;2022-11-14 08:41:32;52;0;0;331;327;410;90;5;ok
4343;2022-11-14 08:41:35;52;0;0;331;327;411;91;5;ok
4344;2022-11-14 08:41:36;52;0;0;331;327;411;91;5;ok
4345;2022-11-14 08:41:39;52;0;0;331;327;410;93;5;ok
4346;2022-11-14 08:41:41;52;0;0;331;328;411;94;5;ok
4347;2022-11-14 08:41:43;52;0;0;331;328;411;94;5;ok
4348;2022-11-14 08:41:46;52;0;0;331;327;410;95;5;ok
4349;2022-11-14 08:41:48;52;0;0;331;328;411;96;5;ok
4350;2022-11-14 08:41:50;52;0;0;331;327;410;97;5;ok
4351;2022-11-14 08:41:52;52;0;0;331;327;410;99;5;ok
4352;2022-11-14 08:44:59;52;0;0;331;327;410;99;5;ok
4353;2022-11-14 08:45:01;52;0;0;395;327;339;0;1;ok
4354;2022-11-14 08:45:03;52;0;0;397;326;337;1;1;ok
4355;2022-11-14 08:45:05;52;0;0;397;326;336;2;1;ok
4356;2022-11-14 08:45:07;52;0;0;397;326;336;3;1;ok
4357;2022-11-14 08:45:09;52;0;0;397;326;336;4;1;ok
4358;2022-11-14 08:45:11;52;0;0;397;326;335;5;1;ok
4359;2022-11-14 08:45:13;52;0;0;397;326;336;6;1;ok
4360;2022-11-14 08:45:15;52;0;0;398;327;339;7;1;ok
4361;2022-11-14 08:45:17;52;0;0;398;326;343;8;1;ok
4362;2022-11-14 08:45:19;52;0;0;397;326;341;9;1;ok
4363;2022-11-14 08:45:21;52;0;0;398;326;341;10;1;ok
4364;2022-11-14 08:45:22;52;0;0;398;326;340;11;1;ok
4365;2022-11-14 08:45:24;52;0;0;397;326;340;12;1;ok
4366;2022-11-14 08:45:26;52;0;0;398;327;340;13;1;ok
4367;2022-11-14 08:45:28;52;0;0;397;326;339;14;1;ok
4368;2022-11-14 08:45:30;52;0;0;397;326;339;15;1;ok
4369;2022-11-14 08:45:32;52;0;0;398;327;340;16;1;ok
4370;2022-11-14 08:45:34;52;0;0;398;327;339;17;1;ok
4371;2022-11-14 08:45:36;52;0;0;398;327;339;18;1;ok
4372;2022-11-14 08:45:38;52;0;0;398;327;344;19;1;ok
4373;2022-11-14 08:45:40;52;0;0;398;327;342;20;1;ok
4374;2022-11-14 08:45:42;52;0;0;397;326;342;21;1;ok
4375;2022-11-14 08:45:44;52;0;0;398;326;342;22;1;ok
4376;2022-11-14 08:45:46;52;0;0;398;327;341;23;1;ok
4377;2022-11-14 08:45:47;52;0;0;398;326;342;24;1;ok
4378;2022-11-14 08:45:49;52;0;0;398;326;341;25;1;ok
4379;2022-11-14 08:45:51;52;0;0;398;327;341;26;1;ok
4380;2022-11-14 08:45:53;52;0;0;397;326;341;27;1;ok
4381;2022-11-14 08:45:55;52;0;0;397;327;341;28;1;ok
4382;2022-11-14 08:45:57;52;0;0;398;327;341;29;1;ok
4383;2022-11-14 08:45:59;52;0;0;398;327;341;30;1;ok
4384;2022-11-14 08:46:01;52;0;0;398;327;341;31;1;ok
4385;2022-11-14 08:46:03;52;0;0;398;326;341;32;1;ok
4386;2022-11-14 08:46:05;52;0;0;398;327;341;33;1;ok
4387;2022-11-14 08:46:06;52;0;0;397;327;341;34;1;ok
4388;2022-11-14 08:46:08;52;0;0;398;326;342;35;1;ok
4389;2022-11-14 08:46:10;52;0;0;398;326;341;36;1;ok
4390;2022-11-14 08:46:12;52;0;0;397;325;342;37;1;ok
4391;2022-11-14 08:46:14;52;0;0;398;326;342;38;1;ok
4392;2022-11-14 08:46:16;52;0;0;397;327;343;39;1;ok
4393;2022-11-14 08:46:18;52;0;0;397;326;341;40;1;ok
4394;2022-11-14 08:46:20;52;0;0;398;327;342;41;1;ok
4395;2022-11-14 08:46:22;52;0;0;398;326;341;42;1;ok
4396;2022-11-14 08:46:23;52;0;0;398;327;341;43;1;ok
4397;2022-11-14 08:46:25;52;0;0;398;327;341;44;1;ok
4398;2022-11-14 08:46:27;52;0;0;398;327;342;45;1;ok
4399;2022-11-14 08:46:29;52;0;0;398;326;342;46;1;ok
4400;2022-11-14 08:46:31;52;0;0;398;327;342;47;1;ok
4401;2022-11-14 08:46:33;52;0;0;398;326;341;48;1;ok
4402;2022-11-14 08:46:35;52;0;0;398;326;342;49;1;ok
4403;2022-11-14 08:46:37;52;0;0;398;326;342;50;1;ok
4404;2022-11-14 08:46:39;52;0;0;398;327;341;51;1;ok
4405;2022-11-14 08:46:41;52;0;0;397;326;341;52;1;ok
4406;2022-11-14 08:46:42;52;0;0;398;327;342;53;1;ok
4407;2022-11-14 08:46:44;52;0;0;397;326;341;54;1;ok
4408;2022-11-14 08:46:46;52;0;0;398;327;341;55;1;ok
4409;2022-11-14 08:46:48;52;0;0;398;326;342;56;1;ok
4410;2022-11-14 08:46:50;52;0;0;398;326;341;57;1;ok
4411;2022-11-14 08:46:52;52;0;0;398;326;342;58;1;ok
4412;2022-11-14 08:46:54;52;0;0;398;326;341;59;1;ok
4413;2022-11-14 08:46:56;52;0;0;397;327;341;60;1;ok
4414;2022-11-14 08:46:58;52;0;0;397;326;341;61;1;ok
4415;2022-11-14 08:46:59;52;0;0;398;327;341;62;1;ok
4416;2022-11-14 08:47:01;52;0;0;398;327;341;63;1;ok
4417;2022-11-14 08:47:03;52;0;0;398;326;341;64;1;ok
4418;2022-11-14 08:47:05;52;0;0;398;326;341;65;1;ok
4419;2022-11-14 08:47:07;52;0;0;398;326;341;66;1;ok
4420;2022-11-14 08:47:12;52;0;0;398;327;341;67;1;ok
4421;2022-11-14 08:47:12;52;0;0;398;326;341;68;1;ok
4422;2022-11-14 08:47:13;52;0;0;398;326;340;69;1;ok
4423;2022-11-14 08:47:15;52;0;0;398;327;341;70;1;ok
4424;2022-11-14 08:47:17;52;0;0;398;327;340;71;1;ok
4425;2022-11-14 08:47:19;52;0;0;397;326;340;72;1;ok
4426;2022-11-14 08:47:21;52;0;0;397;327;340;73;1;ok
4427;2022-11-14 08:47:23;52;0;0;397;326;340;74;1;ok
4428;2022-11-14 08:47:25;52;0;0;398;326;340;75;1;ok
4429;2022-11-14 08:47:27;52;0;0;398;327;340;76;1;ok
4430;2022-11-14 08:47:29;52;0;0;397;326;339;77;1;ok
4431;2022-11-14 08:47:31;52;0;0;398;327;340;78;1;ok
4432;2022-11-14 08:47:32;52;0;0;398;327;340;79;1;ok
4433;2022-11-14 08:47:34;52;0;0;397;327;341;80;1;ok
4434;2022-11-14 08:47:36;52;0;0;398;327;340;81;1;ok
4435;2022-11-14 08:47:38;52;0;0;396;328;340;82;1;ok
4436;2022-11-14 08:47:40;52;0;0;396;327;339;83;1;ok
4437;2022-11-14 08:47:42;52;0;0;397;326;339;84;1;ok
4438;2022-11-14 08:47:44;52;0;0;398;326;339;85;1;ok
4439;2022-11-14 08:47:46;52;0;0;398;326;339;86;1;ok
4440;2022-11-14 08:47:48;52;0;0;397;326;338;87;1;ok
4441;2022-11-14 08:47:49;52;0;0;397;327;338;88;1;ok
4442;2022-11-14 08:47:51;52;0;0;397;327;338;89;1;ok
4443;2022-11-14 08:47:53;52;0;0;397;326;338;90;1;ok
4444;2022-11-14 08:47:55;52;0;0;396;328;340;91;1;ok
4445;2022-11-14 08:47:57;52;0;0;397;327;338;92;1;ok
4446;2022-11-14 08:47:59;52;0;0;397;327;338;93;1;ok
4447;2022-11-14 08:48:01;52;0;0;397;326;338;94;1;ok
4448;2022-11-14 08:48:03;52;0;0;397;326;338;95;1;ok
4449;2022-11-14 08:48:05;52;0;0;397;327;338;96;1;ok
4450;2022-11-14 08:48:07;52;0;0;397;327;338;97;1;ok
4451;2022-11-14 08:48:08;52;0;0;398;327;339;98;1;ok
4452;2022-11-14 08:49:57;52;0;0;397;327;338;99;1;ok
4453;2022-11-14 08:49:59;52;0;0;264;326;346;1;2;ok
4454;2022-11-14 08:50:02;52;0;0;264;326;345;2;2;ok
4455;2022-11-14 08:50:04;52;0;0;264;327;345;3;2;ok
4456;2022-11-14 08:50:06;52;0;0;264;327;345;3;2;ok
4457;2022-11-14 08:50:08;52;0;0;264;327;344;4;2;ok
4458;2022-11-14 08:50:10;52;0;0;264;327;344;5;2;ok
4459;2022-11-14 08:50:12;52;0;0;264;327;344;6;2;ok
4460;2022-11-14 08:50:14;52;0;0;264;327;344;7;2;ok
4461;2022-11-14 08:50:17;52;0;0;264;326;345;9;2;ok
4462;2022-11-14 08:50:19;52;0;0;264;326;345;10;2;ok
4463;2022-11-14 08:50:21;52;0;0;264;327;345;11;2;ok
4464;2022-11-14 08:50:23;52;0;0;264;327;345;12;2;ok
4465;2022-11-14 08:50:26;52;0;0;264;327;345;13;2;ok
4466;2022-11-14 08:50:28;52;0;0;264;327;345;14;2;ok
4467;2022-11-14 08:50:30;52;0;0;264;327;345;14;2;ok
4468;2022-11-14 08:50:32;52;0;0;264;327;345;15;2;ok
4469;2022-11-14 08:50:34;52;0;0;264;326;344;17;2;ok
4470;2022-11-14 08:50:37;52;0;0;264;326;345;18;2;ok
4471;2022-11-14 08:50:39;52;0;0;264;326;345;18;2;ok
4472;2022-11-14 08:50:41;52;0;0;264;326;346;20;2;ok
4473;2022-11-14 08:50:43;52;0;0;264;326;346;20;2;ok
4474;2022-11-14 08:50:45;52;0;0;265;326;345;22;2;ok
4475;2022-11-14 08:50:47;52;0;0;264;327;346;23;2;ok
4476;2022-11-14 08:50:50;52;0;0;264;326;345;24;2;ok
4477;2022-11-14 08:50:52;52;0;0;264;326;345;24;2;ok
4478;2022-11-14 08:50:54;52;0;0;264;327;345;26;2;ok
4479;2022-11-14 08:50:56;52;0;0;264;327;345;26;2;ok
4480;2022-11-14 08:50:58;52;0;0;264;327;345;27;2;ok
4481;2022-11-14 08:51:00;52;0;0;264;327;345;28;2;ok
4482;2022-11-14 08:51:02;52;0;0;264;326;345;30;2;ok
4483;2022-11-14 08:51:04;52;0;0;264;327;345;31;2;ok
4484;2022-11-14 08:51:06;52;0;0;264;327;345;31;2;ok
4485;2022-11-14 08:51:08;52;0;0;264;327;345;32;2;ok
4486;2022-11-14 08:51:11;52;0;0;264;327;345;34;2;ok
4487;2022-11-14 08:51:13;52;0;0;264;327;345;34;2;ok
4488;2022-11-14 08:51:14;52;0;0;264;327;345;35;2;ok
4489;2022-11-14 08:51:16;52;0;0;264;327;345;36;2;ok
4490;2022-11-14 08:51:18;52;0;0;265;327;345;37;2;ok
4491;2022-11-14 08:51:20;52;0;0;264;326;345;39;2;ok
4492;2022-11-14 08:51:23;52;0;0;264;327;345;40;2;ok
4493;2022-11-14 08:51:25;52;0;0;265;326;346;41;2;ok
4494;2022-11-14 08:51:27;52;0;0;265;326;346;41;2;ok
4495;2022-11-14 08:51:29;52;0;0;265;326;346;43;2;ok
4496;2022-11-14 08:51:31;52;0;0;265;326;345;44;2;ok
4497;2022-11-14 08:51:33;52;0;0;265;326;345;44;2;ok
4498;2022-11-14 08:51:36;52;0;0;264;327;346;45;2;ok
4499;2022-11-14 08:51:37;52;0;0;264;326;345;46;2;ok
4500;2022-11-14 08:51:39;52;0;0;264;326;345;48;2;ok
4501;2022-11-14 08:51:43;52;0;0;264;327;345;49;2;ok
4502;2022-11-14 08:51:45;52;0;0;264;326;345;50;2;ok
4503;2022-11-14 08:51:47;52;0;0;264;326;345;52;2;ok
4504;2022-11-14 08:51:49;52;0;0;264;327;345;53;2;ok
4505;2022-11-14 08:51:51;52;0;0;264;327;345;53;2;ok
4506;2022-11-14 08:51:53;52;0;0;264;326;345;54;2;ok
4507;2022-11-14 08:51:55;52;0;0;264;327;345;56;2;ok
4508;2022-11-14 08:51:58;52;0;0;264;326;345;57;2;ok
4509;2022-11-14 08:51:59;52;0;0;264;326;345;57;2;ok
4510;2022-11-14 08:52:02;52;0;0;264;326;345;59;2;ok
4511;2022-11-14 08:52:04;52;0;0;264;326;345;60;2;ok
4512;2022-11-14 08:52:06;52;0;0;264;326;345;61;2;ok
4513;2022-11-14 08:52:09;52;0;0;264;327;345;62;2;ok
4514;2022-11-14 08:52:11;52;0;0;264;327;345;63;2;ok
4515;2022-11-14 08:52:13;52;0;0;265;326;344;64;2;ok
4516;2022-11-14 08:52:15;52;0;0;265;327;344;65;2;ok
4517;2022-11-14 08:52:18;52;0;0;264;326;344;66;2;ok
4518;2022-11-14 08:52:20;52;0;0;265;327;345;67;2;ok
4519;2022-11-14 08:52:22;52;0;0;264;326;345;68;2;ok
4520;2022-11-14 08:52:24;52;0;0;264;327;344;69;2;ok
4521;2022-11-14 08:52:28;52;0;0;264;327;344;70;2;ok
4522;2022-11-14 08:52:29;52;0;0;264;327;344;71;2;ok
4523;2022-11-14 08:52:31;52;0;0;264;327;344;72;2;ok
4524;2022-11-14 08:52:33;52;0;0;264;326;344;74;2;ok
4525;2022-11-14 08:52:37;52;0;0;264;326;344;75;2;ok
4526;2022-11-14 08:52:38;52;0;0;264;326;344;76;2;ok
4527;2022-11-14 08:52:40;52;0;0;264;327;344;77;2;ok
4528;2022-11-14 08:52:45;52;0;0;264;326;344;79;2;ok
4529;2022-11-14 08:52:47;52;0;0;264;327;344;80;2;ok
4530;2022-11-14 08:52:49;52;0;0;264;326;344;81;2;ok
4531;2022-11-14 08:52:51;52;0;0;264;326;343;83;2;ok
4532;2022-11-14 08:52:53;52;0;0;264;326;343;84;2;ok
4533;2022-11-14 08:52:56;52;0;0;264;326;343;85;2;ok
4534;2022-11-14 08:52:58;52;0;0;264;326;343;86;2;ok
4535;2022-11-14 08:53:00;52;0;0;264;327;343;87;2;ok
4536;2022-11-14 08:53:02;52;0;0;264;326;342;88;2;ok
4537;2022-11-14 08:53:05;52;0;0;264;326;342;89;2;ok
4538;2022-11-14 08:53:07;52;0;0;264;326;342;90;2;ok
4539;2022-11-14 08:53:09;52;0;0;265;327;341;91;2;ok
4540;2022-11-14 08:53:11;52;0;0;265;327;341;91;2;ok
4541;2022-11-14 08:53:14;52;0;0;331;331;410;93;2;ok
4542;2022-11-14 08:53:16;52;0;0;331;331;410;93;2;ok
4543;2022-11-14 08:53:18;52;0;0;331;331;410;94;2;ok
4544;2022-11-14 08:53:20;52;0;0;331;331;410;95;2;ok
4545;2022-11-14 08:53:21;52;0;0;331;330;412;96;2;ok
4546;2022-11-14 08:53:23;52;0;0;331;329;410;97;2;ok
4547;2022-11-14 08:53:25;52;0;0;331;329;410;98;2;ok
4548;2022-11-14 08:54:17;52;0;0;329;390;342;0;3;ok
4549;2022-11-14 08:54:19;52;0;0;331;393;341;1;3;ok
4550;2022-11-14 08:54:20;52;0;0;331;393;341;1;3;ok
4551;2022-11-14 08:54:22;52;0;0;331;393;341;2;3;ok
4552;2022-11-14 08:54:25;52;0;0;331;393;341;4;3;ok
4553;2022-11-14 08:54:27;52;0;0;330;392;340;5;3;ok
4554;2022-11-14 08:54:29;52;0;0;331;393;340;6;3;ok
4555;2022-11-14 08:54:31;52;0;0;331;393;340;6;3;ok
4556;2022-11-14 08:54:33;52;0;0;331;393;339;7;3;ok
4557;2022-11-14 08:54:35;52;0;0;331;392;339;8;3;ok
4558;2022-11-14 08:54:37;52;0;0;331;393;339;10;3;ok
4559;2022-11-14 08:54:39;52;0;0;331;393;339;10;3;ok
4560;2022-11-14 08:54:41;52;0;0;331;393;340;11;3;ok
4561;2022-11-14 08:54:43;52;0;0;331;393;340;13;3;ok
4562;2022-11-14 08:54:45;52;0;0;330;393;340;14;3;ok
4563;2022-11-14 08:54:48;52;0;0;330;393;340;14;3;ok
4564;2022-11-14 08:54:50;52;0;0;330;393;340;16;3;ok
4565;2022-11-14 08:54:52;52;0;0;330;393;340;16;3;ok
4566;2022-11-14 08:54:53;52;0;0;330;393;340;17;3;ok
4567;2022-11-14 08:54:55;52;0;0;330;393;340;18;3;ok
4568;2022-11-14 08:54:57;52;0;0;330;393;340;19;3;ok
4569;2022-11-14 08:54:59;52;0;0;328;390;336;20;3;ok
4570;2022-11-14 08:55:01;52;0;0;330;393;340;21;3;ok
4571;2022-11-14 08:55:03;52;0;0;329;392;340;22;3;ok
4572;2022-11-14 08:55:05;52;0;0;329;393;340;24;3;ok
4573;2022-11-14 08:55:07;52;0;0;329;393;340;24;3;ok
4574;2022-11-14 08:55:09;52;0;0;329;392;340;25;3;ok
4575;2022-11-14 08:55:11;52;0;0;326;391;339;27;3;ok
4576;2022-11-14 08:55:14;52;0;0;325;392;342;28;3;ok
4577;2022-11-14 08:55:16;52;0;0;325;392;341;29;3;ok
4578;2022-11-14 08:55:19;52;0;0;325;394;342;30;3;ok
4579;2022-11-14 08:55:21;52;0;0;324;392;341;32;3;ok
4580;2022-11-14 08:55:25;52;0;0;324;392;341;33;3;ok
4581;2022-11-14 08:55:27;52;0;0;323;392;340;34;3;ok
4582;2022-11-14 08:55:29;52;0;0;324;392;341;35;3;ok
4583;2022-11-14 08:55:31;52;0;0;325;392;341;36;3;ok
4584;2022-11-14 08:55:33;52;0;0;324;392;341;37;3;ok
4585;2022-11-14 08:55:35;52;0;0;326;393;341;38;3;ok
4586;2022-11-14 08:55:37;52;0;0;325;392;341;39;3;ok
4587;2022-11-14 08:55:39;52;0;0;325;392;341;40;3;ok
4588;2022-11-14 08:55:41;52;0;0;325;392;341;42;3;ok
4589;2022-11-14 08:55:43;52;0;0;326;392;341;43;3;ok
4590;2022-11-14 08:55:45;52;0;0;325;392;341;44;3;ok
4591;2022-11-14 08:55:49;52;0;0;325;392;340;46;3;ok
4592;2022-11-14 08:55:51;52;0;0;326;392;340;47;3;ok
4593;2022-11-14 08:55:53;52;0;0;326;393;340;48;3;ok
4594;2022-11-14 08:55:55;52;0;0;326;392;340;49;3;ok
4595;2022-11-14 08:55:57;52;0;0;326;392;340;50;3;ok
4596;2022-11-14 08:55:59;52;0;0;326;392;340;52;3;ok
4597;2022-11-14 08:56:01;52;0;0;326;392;340;52;3;ok
4598;2022-11-14 08:56:03;52;0;0;326;392;340;53;3;ok
4599;2022-11-14 08:56:05;52;0;0;326;393;340;55;3;ok
4600;2022-11-14 08:56:07;52;0;0;326;393;340;55;3;ok
4601;2022-11-14 08:56:09;52;0;0;326;392;340;57;3;ok
4602;2022-11-14 08:56:11;52;0;0;326;392;340;57;3;ok
4603;2022-11-14 08:56:13;52;0;0;327;393;340;58;3;ok
4604;2022-11-14 08:56:16;52;0;0;327;392;340;60;3;ok
4605;2022-11-14 08:56:17;52;0;0;327;392;340;60;3;ok
4606;2022-11-14 08:56:19;52;0;0;326;392;340;61;3;ok
4607;2022-11-14 08:56:22;52;0;0;327;392;340;63;3;ok
4608;2022-11-14 08:56:24;52;0;0;326;393;340;64;3;ok
4609;2022-11-14 08:56:25;52;0;0;326;393;340;65;3;ok
4610;2022-11-14 08:56:27;52;0;0;326;393;340;67;3;ok
4611;2022-11-14 08:56:29;52;0;0;326;393;339;68;3;ok
4612;2022-11-14 08:56:31;52;0;0;326;392;340;69;3;ok
4613;2022-11-14 08:56:34;52;0;0;327;392;340;70;3;ok
4614;2022-11-14 08:56:35;52;0;0;327;393;339;71;3;ok
4615;2022-11-14 08:56:38;52;0;0;327;393;340;73;3;ok
4616;2022-11-14 08:56:40;52;0;0;327;393;340;74;3;ok
4617;2022-11-14 08:56:42;52;0;0;326;392;339;75;3;ok
4618;2022-11-14 08:56:43;52;0;0;327;393;340;76;3;ok
4619;2022-11-14 08:56:47;52;0;0;326;393;341;78;3;ok
4620;2022-11-14 08:56:49;52;0;0;326;392;340;79;3;ok
4626;2022-11-14 08:57:02;52;0;0;327;392;339;91;3;ok
4627;2022-11-14 08:57:03;52;0;0;327;392;340;93;3;ok
4628;2022-11-14 08:57:06;52;0;0;327;393;340;96;3;ok
4629;2022-11-14 08:57:08;52;0;0;327;393;340;98;3;ok
4640;2022-11-14 08:57:53;52;0;0;330;261;345;4;4;ok
4641;2022-11-14 08:57:55;52;0;0;330;261;344;5;4;ok
4645;2022-11-14 08:58:04;52;0;0;330;261;344;11;4;ok
4646;2022-11-14 08:58:07;52;0;0;330;260;344;14;4;ok
4649;2022-11-14 08:58:14;52;0;0;330;260;344;18;4;ok
4650;2022-11-14 08:58:15;52;0;0;330;260;344;19;4;ok
4651;2022-11-14 08:58:17;52;0;0;330;260;344;20;4;ok
4652;2022-11-14 08:58:19;52;0;0;330;261;345;21;4;ok
4653;2022-11-14 08:58:22;52;0;0;329;260;342;23;4;ok
4654;2022-11-14 08:58:23;52;0;0;329;260;342;23;4;ok
4655;2022-11-14 08:58:25;52;0;0;330;260;344;24;4;ok
4656;2022-11-14 08:58:28;52;0;0;330;260;343;25;4;ok
4657;2022-11-14 08:58:30;52;0;0;330;260;343;27;4;ok
4658;2022-11-14 08:58:32;52;0;0;330;261;346;28;4;ok
4659;2022-11-14 08:58:35;52;0;0;330;261;347;29;4;ok
4660;2022-11-14 08:58:37;52;0;0;330;261;345;30;4;ok
4661;2022-11-14 08:58:39;52;0;0;330;261;347;31;4;ok
4662;2022-11-14 08:58:41;52;0;0;330;261;345;32;4;ok
4663;2022-11-14 08:58:44;52;0;0;330;260;345;33;4;ok
4664;2022-11-14 08:58:45;52;0;0;330;260;345;33;4;ok
4665;2022-11-14 08:58:48;52;0;0;330;260;348;35;4;ok
4666;2022-11-14 08:58:52;52;0;0;331;261;348;36;4;ok
4667;2022-11-14 08:58:53;52;0;0;330;261;349;38;4;ok
4668;2022-11-14 08:58:55;52;0;0;330;261;349;38;4;ok
4669;2022-11-14 08:58:57;52;0;0;331;261;348;39;4;ok
4670;2022-11-14 08:59:01;52;0;0;330;261;348;41;4;ok
4671;2022-11-14 08:59:04;52;0;0;330;261;349;43;4;ok
4672;2022-11-14 08:59:06;52;0;0;330;261;349;44;4;ok
4673;2022-11-14 08:59:08;52;0;0;330;261;348;45;4;ok
4674;2022-11-14 08:59:10;52;0;0;330;261;348;45;4;ok
4675;2022-11-14 08:59:12;52;0;0;333;259;348;47;4;ok
4676;2022-11-14 08:59:14;52;0;0;333;259;348;47;4;ok
4677;2022-11-14 08:59:16;52;0;0;330;260;345;48;4;ok
4678;2022-11-14 08:59:19;52;0;0;331;260;346;50;4;ok
4679;2022-11-14 08:59:21;52;0;0;331;261;345;51;4;ok
4680;2022-11-14 08:59:23;52;0;0;331;260;342;52;4;ok
4681;2022-11-14 08:59:25;52;0;0;330;260;342;53;4;ok
4682;2022-11-14 08:59:27;52;0;0;330;260;344;55;4;ok
4683;2022-11-14 08:59:29;52;0;0;331;260;345;56;4;ok
4684;2022-11-14 08:59:31;52;0;0;331;260;345;58;4;ok
4685;2022-11-14 08:59:33;52;0;0;331;260;345;59;4;ok
4686;2022-11-14 08:59:36;52;0;0;331;261;345;61;4;ok
4687;2022-11-14 08:59:39;52;0;0;331;260;343;62;4;ok
4688;2022-11-14 08:59:41;52;0;0;331;260;345;64;4;ok
4689;2022-11-14 08:59:43;52;0;0;331;260;345;64;4;ok
4690;2022-11-14 08:59:45;52;0;0;331;260;346;66;4;ok
4691;2022-11-14 08:59:47;52;0;0;331;260;346;66;4;ok
4692;2022-11-14 08:59:49;52;0;0;331;261;345;67;4;ok
4693;2022-11-14 08:59:51;52;0;0;331;261;347;68;4;ok
4694;2022-11-14 08:59:53;52;0;0;331;260;346;70;4;ok
4695;2022-11-14 08:59:55;52;0;0;331;260;346;70;4;ok
4696;2022-11-14 08:59:57;52;0;0;331;261;346;71;4;ok
4697;2022-11-14 08:59:59;52;0;0;331;260;346;72;4;ok
4698;2022-11-14 09:00:10;52;0;0;331;260;345;77;4;ok
4699;2022-11-14 09:00:12;52;0;0;331;260;346;78;4;ok
4700;2022-11-14 09:00:13;52;0;0;331;260;346;79;4;ok
4701;2022-11-14 09:00:15;52;0;0;331;261;346;80;4;ok
4702;2022-11-14 09:00:17;52;0;0;331;260;345;81;4;ok
4703;2022-11-14 09:00:19;52;0;0;331;260;346;82;4;ok
4704;2022-11-14 09:00:21;52;0;0;331;261;345;84;4;ok
4705;2022-11-14 09:00:23;52;0;0;331;261;345;84;4;ok
4706;2022-11-14 09:00:25;52;0;0;330;260;346;86;4;ok
4707;2022-11-14 09:00:27;52;0;0;330;261;346;87;4;ok
4709;2022-11-14 09:00:38;52;0;0;330;261;345;94;4;ok
4710;2022-11-14 09:00:40;52;0;0;330;261;346;97;4;ok
4711;2022-11-14 09:00:42;52;0;0;330;260;346;98;4;ok
4715;2022-11-14 09:01:14;52;0;0;329;323;281;0;6;ok
4716;2022-11-14 09:01:16;52;0;0;329;323;281;0;6;ok
4717;2022-11-14 09:01:19;52;0;0;330;324;277;2;6;ok
4718;2022-11-14 09:01:21;52;0;0;330;324;277;2;6;ok
4719;2022-11-14 09:01:23;52;0;0;330;324;277;4;6;ok
4720;2022-11-14 09:01:25;52;0;0;330;326;277;5;6;ok
4721;2022-11-14 09:01:28;52;0;0;329;327;277;6;6;ok
4722;2022-11-14 09:01:30;52;0;0;329;325;277;7;6;ok
4723;2022-11-14 09:01:32;52;0;0;329;325;277;8;6;ok
4724;2022-11-14 09:01:34;52;0;0;330;323;278;9;6;ok
4725;2022-11-14 09:01:36;52;0;0;330;323;278;9;6;ok
4726;2022-11-14 09:01:39;52;0;0;329;324;277;10;6;ok
4727;2022-11-14 09:01:41;52;0;0;330;325;277;12;6;ok
4728;2022-11-14 09:01:43;52;0;0;332;327;277;13;6;ok
4729;2022-11-14 09:01:45;52;0;0;332;327;277;13;6;ok
4730;2022-11-14 09:01:47;52;0;0;332;326;277;14;6;ok
4731;2022-11-14 09:01:50;52;0;0;331;325;277;15;6;ok
4732;2022-11-14 09:01:52;52;0;0;332;325;277;17;6;ok
4733;2022-11-14 09:01:54;52;0;0;332;325;277;18;6;ok
4734;2022-11-14 09:01:56;52;0;0;332;325;277;19;6;ok
4735;2022-11-14 09:01:59;52;0;0;332;325;277;20;6;ok
4736;2022-11-14 09:02:01;52;0;0;332;325;277;21;6;ok
4737;2022-11-14 09:02:03;52;0;0;332;325;277;22;6;ok
4738;2022-11-14 09:02:06;52;0;0;332;325;277;23;6;ok
4739;2022-11-14 09:02:08;52;0;0;331;325;279;24;6;ok
4740;2022-11-14 09:02:10;52;0;0;332;326;277;25;6;ok
4741;2022-11-14 09:02:12;52;0;0;332;326;277;26;6;ok
4742;2022-11-14 09:02:15;52;0;0;332;325;277;27;6;ok
4743;2022-11-14 09:02:17;52;0;0;332;325;277;28;6;ok
4744;2022-11-14 09:02:19;52;0;0;332;325;277;28;6;ok
4745;2022-11-14 09:02:21;52;0;0;332;325;277;30;6;ok
4746;2022-11-14 09:02:24;52;0;0;332;324;277;31;6;ok
4747;2022-11-14 09:02:26;52;0;0;332;324;277;31;6;ok
4748;2022-11-14 09:02:28;52;0;0;331;325;277;33;6;ok
4749;2022-11-14 09:02:30;52;0;0;331;325;277;34;6;ok
4750;2022-11-14 09:02:32;52;0;0;332;325;277;35;6;ok
4751;2022-11-14 09:02:35;52;0;0;332;325;277;36;6;ok
4752;2022-11-14 09:02:37;52;0;0;332;325;277;36;6;ok
4753;2022-11-14 09:02:38;52;0;0;332;325;277;37;6;ok
4754;2022-11-14 09:02:41;52;0;0;331;325;277;39;6;ok
4755;2022-11-14 09:02:43;52;0;0;331;325;277;39;6;ok
4756;2022-11-14 09:02:45;52;0;0;331;324;277;40;6;ok
4757;2022-11-14 09:02:47;52;0;0;331;324;277;41;6;ok
4758;2022-11-14 09:02:49;52;0;0;331;324;277;43;6;ok
4759;2022-11-14 09:02:52;52;0;0;331;324;277;44;6;ok
4760;2022-11-14 09:02:54;52;0;0;331;324;277;44;6;ok
4761;2022-11-14 09:02:56;52;0;0;331;324;277;46;6;ok
4762;2022-11-14 09:02:58;52;0;0;331;324;277;47;6;ok
4763;2022-11-14 09:03:01;52;0;0;331;324;278;48;6;ok
4764;2022-11-14 09:03:03;52;0;0;331;324;277;49;6;ok
4765;2022-11-14 09:03:05;52;0;0;331;324;277;49;6;ok
4766;2022-11-14 09:03:07;52;0;0;331;324;278;51;6;ok
4767;2022-11-14 09:03:09;52;0;0;331;325;277;52;6;ok
4768;2022-11-14 09:03:12;52;0;0;331;324;277;53;6;ok
4769;2022-11-14 09:03:14;52;0;0;331;324;277;54;6;ok
4770;2022-11-14 09:03:16;52;0;0;331;325;277;55;6;ok
4771;2022-11-14 09:03:18;52;0;0;330;324;277;56;6;ok
4772;2022-11-14 09:03:20;52;0;0;330;324;277;56;6;ok
4773;2022-11-14 09:03:23;52;0;0;332;325;277;58;6;ok
4774;2022-11-14 09:03:25;52;0;0;332;325;277;59;6;ok
4775;2022-11-14 09:03:27;52;0;0;332;325;277;59;6;ok
4776;2022-11-14 09:03:29;52;0;0;332;325;277;61;6;ok
4777;2022-11-14 09:03:31;52;0;0;332;325;277;61;6;ok
4778;2022-11-14 09:03:33;52;0;0;332;325;277;63;6;ok
4779;2022-11-14 09:03:36;52;0;0;332;325;277;64;6;ok
4780;2022-11-14 09:03:38;52;0;0;332;325;277;65;6;ok
4781;2022-11-14 09:03:40;52;0;0;332;325;277;66;6;ok
4782;2022-11-14 09:03:42;52;0;0;332;325;277;66;6;ok
4783;2022-11-14 09:03:44;52;0;0;333;324;279;68;6;ok
4784;2022-11-14 09:03:47;52;0;0;332;325;277;69;6;ok
4785;2022-11-14 09:03:49;52;0;0;332;325;277;70;6;ok
4786;2022-11-14 09:03:51;52;0;0;332;324;277;71;6;ok
4787;2022-11-14 09:03:54;52;0;0;332;325;278;72;6;ok
4788;2022-11-14 09:03:56;52;0;0;332;325;278;73;6;ok
4789;2022-11-14 09:03:58;52;0;0;332;325;278;73;6;ok
4790;2022-11-14 09:04:00;52;0;0;330;326;277;75;6;ok
4791;2022-11-14 09:04:03;52;0;0;332;325;277;76;6;ok
4792;2022-11-14 09:04:06;52;0;0;333;325;277;77;6;ok
4793;2022-11-14 09:04:08;52;0;0;332;324;277;78;6;ok
4794;2022-11-14 09:04:10;52;0;0;333;325;277;79;6;ok
4795;2022-11-14 09:04:12;52;0;0;332;324;277;80;6;ok
4796;2022-11-14 09:04:14;52;0;0;333;324;278;81;6;ok
4797;2022-11-14 09:04:16;52;0;0;333;324;277;82;6;ok
4798;2022-11-14 09:04:18;52;0;0;332;324;277;83;6;ok
4799;2022-11-14 09:04:20;52;0;0;332;324;277;84;6;ok
4800;2022-11-14 09:04:23;52;0;0;332;324;277;85;6;ok
4801;2022-11-14 09:04:25;52;0;0;332;324;278;86;6;ok
4802;2022-11-14 09:04:27;52;0;0;332;324;277;87;6;ok
4803;2022-11-14 09:04:30;52;0;0;332;324;277;88;6;ok
4804;2022-11-14 09:04:32;52;0;0;332;323;277;90;6;ok
4805;2022-11-14 09:04:34;52;0;0;332;323;277;90;6;ok
4806;2022-11-14 09:04:36;52;0;0;332;323;277;92;6;ok
4807;2022-11-14 09:04:38;52;0;0;333;323;278;93;6;ok
4808;2022-11-14 09:04:41;52;0;0;333;323;277;94;6;ok
4809;2022-11-14 09:04:43;52;0;0;332;324;277;95;6;ok
4810;2022-11-14 09:04:45;52;0;0;332;324;277;95;6;ok
4811;2022-11-14 09:04:47;52;0;0;332;325;277;96;6;ok
4812;2022-11-14 09:04:50;52;0;0;332;324;277;98;6;ok
4813;2022-11-14 09:04:52;52;0;0;332;324;279;99;6;ok